<application>
  <component name="FileTypeManager" version="17">
    <ignoreFiles list="*$py.class;*.hprof;*.pyc;*.pyo;*.rbc;*.yarb;*~;.DS_Store;.git;.hg;.svn;CVS;__pycache__;_svn;vssver.scc;vssver2.scc;" />
    <extensionMap>
      <mapping pattern="はじめに" type="PLAIN_TEXT" />
      <mapping pattern=".csv" type="PLAIN_TEXT" />
      <mapping ext="gz" type="PLAIN_TEXT" />
      <mapping ext="xlam" type="PLAIN_TEXT" />
      <mapping pattern="テスト" type="Python" />
    </extensionMap>
  </component>
</application>