<application>
  <component name="ProjectJdkTable">
    <jdk version="2">
      <name value="Python 3.7" />
      <type value="Python SDK" />
      <version value="Python 3.7.0" />
      <homePath value="C:\tools\Anaconda3\python.exe" />
      <roots>
        <classPath>
          <root type="composite">
            <root url="file://C:/tools/Anaconda3/DLLs" type="simple" />
            <root url="file://C:/tools/Anaconda3/Lib" type="simple" />
            <root url="file://C:/tools/Anaconda3/Lib/site-packages" type="simple" />
            <root url="file://C:/tools/Anaconda3/Lib/site-packages/win32" type="simple" />
            <root url="file://C:/tools/Anaconda3/Lib/site-packages/win32/lib" type="simple" />
            <root url="file://C:/tools/Anaconda3/Lib/site-packages/pythonwin" type="simple" />
            <root url="file://$USER_HOME$/AppData/Local/JetBrains/PyCharmCE2020.1/python_stubs/1667285395" type="simple" />
            <root url="file://$APPLICATION_HOME_DIR$/plugins/python-ce/helpers/python-skeletons" type="simple" />
            <root url="file://$APPLICATION_HOME_DIR$/plugins/python-ce/helpers/typeshed/stdlib/3.7" type="simple" />
            <root url="file://$APPLICATION_HOME_DIR$/plugins/python-ce/helpers/typeshed/stdlib/3" type="simple" />
            <root url="file://$APPLICATION_HOME_DIR$/plugins/python-ce/helpers/typeshed/stdlib/2and3" type="simple" />
            <root url="file://$APPLICATION_HOME_DIR$/plugins/python-ce/helpers/typeshed/third_party/3" type="simple" />
            <root url="file://$APPLICATION_HOME_DIR$/plugins/python-ce/helpers/typeshed/third_party/2and3" type="simple" />
          </root>
        </classPath>
        <sourcePath>
          <root type="composite" />
        </sourcePath>
      </roots>
      <additional />
    </jdk>
    <jdk version="2">
      <name value="Python 3.7 (sample_codes)" />
      <type value="Python SDK" />
      <version value="Python 3.7.0" />
      <homePath value="C:\Windows\System32\ScrapingTool_Init\sample_codes\venv\Scripts\python.exe" />
      <roots>
        <classPath>
          <root type="composite">
            <root url="file://C:/tools/Anaconda3/DLLs" type="simple" />
            <root url="file://C:/tools/Anaconda3/Lib" type="simple" />
            <root url="file://C:/tools/Anaconda3" type="simple" />
            <root url="file://C:/Windows/System32/ScrapingTool_Init/sample_codes/venv" type="simple" />
            <root url="file://C:/Windows/System32/ScrapingTool_Init/sample_codes/venv/Lib/site-packages" type="simple" />
            <root url="jar://C:/Windows/System32/ScrapingTool_Init/sample_codes/venv/Lib/site-packages/setuptools-40.8.0-py3.7.egg!/" type="simple" />
            <root url="file://C:/Windows/System32/ScrapingTool_Init/sample_codes/venv/Lib/site-packages/pip-19.0.3-py3.7.egg" type="simple" />
            <root url="file://$USER_HOME$/.PyCharmCE2019.2/system/python_stubs/-1936791417" type="simple" />
            <root url="file://$APPLICATION_HOME_DIR$/helpers/python-skeletons" type="simple" />
            <root url="file://$APPLICATION_HOME_DIR$/helpers/typeshed/stdlib/3" type="simple" />
            <root url="file://$APPLICATION_HOME_DIR$/helpers/typeshed/stdlib/2and3" type="simple" />
            <root url="file://$APPLICATION_HOME_DIR$/helpers/typeshed/third_party/3" type="simple" />
            <root url="file://$APPLICATION_HOME_DIR$/helpers/typeshed/third_party/2and3" type="simple" />
          </root>
        </classPath>
        <sourcePath>
          <root type="composite" />
        </sourcePath>
      </roots>
      <additional ASSOCIATED_PROJECT_PATH="C:/Windows/System32/ScrapingTool_Init/sample_codes" />
    </jdk>
    <jdk version="2">
      <name value="Python 3.7 (scraping)" />
      <type value="Python SDK" />
      <homePath value="C:\Users\Kazuki Yuno\Anaconda3\envs\scraping\python.exe" />
      <roots>
        <classPath>
          <root type="composite">
            <root url="file://$USER_HOME$/Anaconda3/envs/scraping/DLLs" type="simple" />
            <root url="file://$USER_HOME$/Anaconda3/envs/scraping/lib" type="simple" />
            <root url="file://$USER_HOME$/AppData/Roaming/Python/Python37/site-packages" type="simple" />
            <root url="file://$USER_HOME$/Anaconda3/envs/scraping/lib/site-packages" type="simple" />
            <root url="file://$USER_HOME$/Anaconda3/envs/scraping/lib/site-packages/win32" type="simple" />
            <root url="file://$USER_HOME$/Anaconda3/envs/scraping/lib/site-packages/win32/lib" type="simple" />
            <root url="file://$USER_HOME$/Anaconda3/envs/scraping/lib/site-packages/pythonwin" type="simple" />
            <root url="file://$USER_HOME$/.PyCharmCE2019.2/system/python_stubs/1841836316" type="simple" />
            <root url="file://$APPLICATION_HOME_DIR$/helpers/python-skeletons" type="simple" />
            <root url="file://$APPLICATION_HOME_DIR$/helpers/typeshed/stdlib/3" type="simple" />
            <root url="file://$APPLICATION_HOME_DIR$/helpers/typeshed/stdlib/2and3" type="simple" />
            <root url="file://$APPLICATION_HOME_DIR$/helpers/typeshed/third_party/3" type="simple" />
            <root url="file://$APPLICATION_HOME_DIR$/helpers/typeshed/third_party/2and3" type="simple" />
          </root>
        </classPath>
        <sourcePath>
          <root type="composite" />
        </sourcePath>
      </roots>
      <additional ASSOCIATED_PROJECT_PATH="C:/Windows/System32/ScrapingTool_Init/crawler" />
    </jdk>
    <jdk version="2">
      <name value="Python 3.7 (ScrapingTool_Init)" />
      <type value="Python SDK" />
      <version value="Python 3.7.6" />
      <homePath value="C:\Users\kazuki_juno\anaconda3\envs\ScrapingTool_Init\python.exe" />
      <roots>
        <classPath>
          <root type="composite">
            <root url="file://$USER_HOME$/anaconda3/envs/ScrapingTool_Init/DLLs" type="simple" />
            <root url="file://$USER_HOME$/anaconda3/envs/ScrapingTool_Init/Lib" type="simple" />
            <root url="file://$USER_HOME$/anaconda3/envs/ScrapingTool_Init/Lib/site-packages" type="simple" />
            <root url="file://$USER_HOME$/AppData/Local/JetBrains/PyCharmCE2020.1/python_stubs/-572967143" type="simple" />
            <root url="file://$APPLICATION_HOME_DIR$/plugins/python-ce/helpers/python-skeletons" type="simple" />
            <root url="file://$APPLICATION_HOME_DIR$/plugins/python-ce/helpers/typeshed/stdlib/3.7" type="simple" />
            <root url="file://$APPLICATION_HOME_DIR$/plugins/python-ce/helpers/typeshed/stdlib/3" type="simple" />
            <root url="file://$APPLICATION_HOME_DIR$/plugins/python-ce/helpers/typeshed/stdlib/2and3" type="simple" />
            <root url="file://$APPLICATION_HOME_DIR$/plugins/python-ce/helpers/typeshed/third_party/3" type="simple" />
            <root url="file://$APPLICATION_HOME_DIR$/plugins/python-ce/helpers/typeshed/third_party/2and3" type="simple" />
          </root>
        </classPath>
        <sourcePath>
          <root type="composite" />
        </sourcePath>
      </roots>
      <additional ASSOCIATED_PROJECT_PATH="C:/Windows/System32/ScrapingTool_Init" />
    </jdk>
    <jdk version="2">
      <name value="Python 3.7 (orange3)" />
      <type value="Python SDK" />
      <version value="Python 3.7.6" />
      <homePath value="C:\Users\kazuki_juno\anaconda3\envs\orange3\python.exe" />
      <roots>
        <classPath>
          <root type="composite">
            <root url="file://$USER_HOME$/anaconda3/envs/orange3/DLLs" type="simple" />
            <root url="file://$USER_HOME$/anaconda3/envs/orange3/Lib" type="simple" />
            <root url="file://$USER_HOME$/anaconda3/envs/orange3/Lib/site-packages" type="simple" />
            <root url="file://$USER_HOME$/anaconda3/envs/orange3/Lib/site-packages/win32" type="simple" />
            <root url="file://$USER_HOME$/anaconda3/envs/orange3/Lib/site-packages/win32/lib" type="simple" />
            <root url="file://$USER_HOME$/anaconda3/envs/orange3/Lib/site-packages/pythonwin" type="simple" />
            <root url="file://$USER_HOME$/AppData/Local/JetBrains/PyCharmCE2020.1/python_stubs/1684123098" type="simple" />
            <root url="file://$APPLICATION_HOME_DIR$/plugins/python-ce/helpers/python-skeletons" type="simple" />
            <root url="file://$APPLICATION_HOME_DIR$/plugins/python-ce/helpers/typeshed/stdlib/3.7" type="simple" />
            <root url="file://$APPLICATION_HOME_DIR$/plugins/python-ce/helpers/typeshed/stdlib/3" type="simple" />
            <root url="file://$APPLICATION_HOME_DIR$/plugins/python-ce/helpers/typeshed/stdlib/2and3" type="simple" />
            <root url="file://$APPLICATION_HOME_DIR$/plugins/python-ce/helpers/typeshed/third_party/3" type="simple" />
            <root url="file://$APPLICATION_HOME_DIR$/plugins/python-ce/helpers/typeshed/third_party/2and3" type="simple" />
          </root>
        </classPath>
        <sourcePath>
          <root type="composite" />
        </sourcePath>
      </roots>
      <additional ASSOCIATED_PROJECT_PATH="C:/Windows/System32/ScrapingTool_Init" />
    </jdk>
    <jdk version="2">
      <name value="Python 3.7 (base)" />
      <type value="Python SDK" />
      <version value="Python 3.7.6" />
      <homePath value="C:\Users\kazuki_juno\anaconda3\python.exe" />
      <roots>
        <classPath>
          <root type="composite">
            <root url="file://$USER_HOME$/anaconda3/DLLs" type="simple" />
            <root url="file://$USER_HOME$/anaconda3/Lib" type="simple" />
            <root url="file://$USER_HOME$/AppData/Roaming/Python/Python37/site-packages" type="simple" />
            <root url="file://$USER_HOME$/anaconda3/Lib/site-packages" type="simple" />
            <root url="file://$USER_HOME$/anaconda3/Lib/site-packages/win32" type="simple" />
            <root url="file://$USER_HOME$/anaconda3/Lib/site-packages/win32/lib" type="simple" />
            <root url="file://$USER_HOME$/anaconda3/Lib/site-packages/pythonwin" type="simple" />
            <root url="file://$USER_HOME$/AppData/Local/JetBrains/PyCharmCE2020.1/python_stubs/517573337" type="simple" />
            <root url="file://$APPLICATION_HOME_DIR$/plugins/python-ce/helpers/python-skeletons" type="simple" />
            <root url="file://$APPLICATION_HOME_DIR$/plugins/python-ce/helpers/typeshed/stdlib/3.7" type="simple" />
            <root url="file://$APPLICATION_HOME_DIR$/plugins/python-ce/helpers/typeshed/stdlib/3" type="simple" />
            <root url="file://$APPLICATION_HOME_DIR$/plugins/python-ce/helpers/typeshed/stdlib/2and3" type="simple" />
            <root url="file://$APPLICATION_HOME_DIR$/plugins/python-ce/helpers/typeshed/third_party/3" type="simple" />
            <root url="file://$APPLICATION_HOME_DIR$/plugins/python-ce/helpers/typeshed/third_party/2and3" type="simple" />
          </root>
        </classPath>
        <sourcePath>
          <root type="composite" />
        </sourcePath>
      </roots>
      <additional ASSOCIATED_PROJECT_PATH="C:/Windows/System32/ScrapingTool_Init" />
    </jdk>
  </component>
</application>