<keymap version="1" name="Default for Windows コピー" parent="$default">
  <action id="$Paste">
    <keyboard-shortcut first-keystroke="shift insert" />
  </action>
  <action id="$Redo">
    <keyboard-shortcut first-keystroke="shift alt back_space" />
    <keyboard-shortcut first-keystroke="ctrl y" />
  </action>
  <action id="Diff.FocusOppositePane" />
  <action id="EditorDeleteLine" />
  <action id="EditorPasteFromX11">
    <mouse-shortcut keystroke="button2" />
    <keyboard-shortcut first-keystroke="ctrl tab" second-keystroke="v" />
  </action>
  <action id="Switcher">
    <keyboard-shortcut first-keystroke="shift ctrl tab" />
  </action>
  <action id="エディター Redo">
    <keyboard-shortcut first-keystroke="ctrl y" />
  </action>
</keymap>